rank,uid,username,type
1,2961097,Saserian,总督
2,351531386,invins-,提督
3,13475303,米汀的小笼包,提督
4,66621878,霊音はなこ,提督
5,3546589241019107,米汀家的月饼晴朗,提督
6,26531557,安娜斯塔斯婭,提督
7,10788384,soulのtouch,提督
8,530596,bili_530596,提督
9,628996143,おーchan,提督
10,2396905,闌珊凨雨,提督
11,6969680,周新宇,提督
12,360569,米汀家的夜阑梦雪,提督
13,1979338810,LionPoii,提督
14,1845506,卡恰Katya_,提督
15,10093973,某_君,提督
16,2871839,淡定の立华奏,提督
17,25903537,冰布洛芬,提督
18,38739372,_渚风,舰长
19,1272304314,露染zzz,舰长
20,14153130,黄桃罐头冰,舰长
21,7180032,无为無為,舰长
22,202329,若雪,舰长
23,25942909,鸦天狗狗文,舰长
24,81210807,一缕清风随风逝,舰长
25,499032978,希知z,舰长
26,87618298,步信崇明,舰长
27,13135276,顾萌Komoe,舰长
28,11283433,業風,舰长
29,24816063,縶給闦蘉鸀鱍鑜繝礃,舰长
30,375800639,灯光汪,舰长
31,349880406,夜夢YuMe_ちゃん,舰长
32,6830657,-月见小亦--,舰长
33,1878939,破破破破破cd,舰长
34,85590833,无理数mio,舰长
35,494678,Pandator,舰长
36,366450460,自然立法者,舰长
37,25593802,同调群单推人,舰长
38,11795901,鲁贝什卡,舰长
39,5960988,逻辑语法与修辞,舰长
40,503,流河,舰长
41,35520443,不二楠,舰长
42,182148534,-梣桸-,舰长
43,3546951375128782,米汀的报童帽,舰长
44,5630092,奈落良生,舰长
45,71537139,゙黑貓,舰长
46,17558893,十文字-疾风,舰长
47,5317908,Rayqua,舰长
48,1977481159,落烨了吗,舰长
49,59955258,这个昵称已经有鬼用过了,舰长
50,882255,叫我丶呵呵,舰长
51,7405415,夜の_,舰长
52,4345986,丢失的风儿,舰长
53,229087540,櫻花閃閃,舰长
54,241942616,ワルター,舰长
55,2234700,对称破缺喵,舰长
56,205168793,芙兰朵露的莱瓦汀,舰长
57,4897,宫古芳香,舰长
58,8969216,萤帕米轴,舰长
59,6701862,末日警探Luv_sic,舰长
60,2097870821,白天LightSky,舰长
61,384739919,小奕ヤ,舰长
62,1698435,吕同学_リッキー,舰长
63,482663558,淬羽xl,舰长
64,23073334,随苗牛油Guo鱼Rou饺子,舰长
65,556570,Shiro_Yaya,舰长
66,137380440,无话可嗦OvO,舰长
67,288769051,不存在于诞下我的世界,舰长
68,3493120266209851,喵嗚嘎嗚嘰哩咕嚕噠噠,舰长
69,159019,九重雪会,舰长
70,925,911,舰长
71,506331,幻与樱,舰长
72,2890750,muegleis,舰长
73,266375,咕咕-咕咕咕咕咕-咕,舰长
74,453196,-kenjoy-,舰长
75,502408537,言念其宸,舰长
76,259348,CHR_OFFICIAL,舰长
77,224656237,童话避难所,舰长
78,1488162122,aleksib家的米垃圾,舰长
79,7037193,bluepudding,舰长
80,12532750,薛定谔の波斯猫,舰长
81,10261329,yukino-雪之下雪乃,舰长
82,26284784,晨曦在海上,舰长
83,13071607,风见见见子,舰长
84,14860339,超高校級貓耳响,舰长
85,35610072,寒星Coldstar_QAQ,舰长
86,1477811,穗状星序,舰长
87,6771127,英桑ww,舰长
88,351192397,20644862174_bili,舰长
89,287809472,艦こわのcollection,舰长
90,546108139,清月照天心,舰长
91,3546642393335905,蟹师傅MasterCrab,舰长
92,9161100,鸟是一个词,舰长
93,107200480,星空下的永恒誓言,舰长
94,210653,晴色,舰长
95,24130057,TDD-想吃棒棒糖,舰长
96,2251909,王一川卅,舰长
97,102615,疯子orz,舰长
98,31285711,最后的贺卡,舰长
99,8931117,三色青羽,舰长
100,12211712,鲁伯特之泪68,舰长
101,91214489,幻梦景,舰长
102,35901629,seaShide,舰长
103,132270,柒の白白,舰长
104,536365,鸢尾百合,舰长
105,1565147,orion_0v0,舰长
106,35381776,一条忧郁的区,舰长
107,11554146,伴舞者纠结,舰长
108,7994124,大颗米波,舰长
109,379350642,凋零的诺城狼印,舰长
110,105402,清新正直HHP,舰长
111,3210821,夏临夏,舰长
112,397627923,仁之剑与义之剑,舰长
113,168221583,嗜睡黑猫9,舰长
114,3546983578994744,KOU_KEI,舰长
115,1333226786,淬鱼Lemon,舰长
116,12314,王小明,舰长
117,290515671,是命定之死的盒子呀,舰长
118,6595716,九重阳炎,舰长
119,8038547,华胥の梦,舰长
120,85213240,阴暗小电视,舰长
121,157174,阿露菲米__,舰长
122,3546980370352517,山雨常数,舰长
123,309425785,虚构喵,舰长
124,88984,重音teto,舰长
125,428258195,开香槟好耶,舰长
126,545382,水銀貓,舰长
127,2104839060,帝企鹅饼干,舰长
128,8314982,希望を歌に,舰长
129,2129058013,哒哒舞步,舰长
130,209559923,回归性原理_,舰长
131,916810,Jing11219,舰长
132,31284914,无心xi,舰长
133,16503097,芝芝识识,舰长
134,100938127,ユユ鱼油,舰长
135,328072108,红鹰坠落,舰长
136,1970021339,北辰Ghost,舰长
137,702437569,未名微冥,舰长
138,7953414,丶时安,舰长
139,3706947341650111,bili_51283508132,舰长
140,6272635,寒寒汐糖,舰长
141,5623688,Helikobeter,舰长
142,2011343,千代明Kira,舰长
143,72985325,灰色魔女-初银子,舰长
144,3537108167821424,非扩散型病毒,舰长
145,657483,为女儿干魔王,舰长
146,43521075,乱田园林长,舰长
147,141404364,中二病じゃない,舰长
148,16005209,yyyc__,舰长
149,13012997,污盘子,舰长
150,441776977,Chitose彰良,舰长
151,3605968,苏盟盟,舰长
152,483347460,bili_65287218672,舰长
153,94919904,xxx的扑礼厄斯,舰长
154,678736548,星脉注射器_pulsar,舰长
155,482169634,-Hoshiguma-,舰长
156,1533842,ルイアン,舰长
157,1616545555,第4個影子,舰长
158,22006901,ddyddyddyddy,舰长
159,417521125,煋痕栐恆,舰长
160,3119502,飞月随影,舰长
161,551026705,dioneni,舰长
162,14852320,寰桓還,舰长
163,2640786,三成qwq,舰长
164,3546714600377276,崭新螺丝,舰长
165,275598233,曳ノ星,舰长
166,23404176,柯素杏,舰长
167,91504338,nIce差一点,舰长
168,10990561,耶德瑞克,舰长
169,67204,名侦探司马炎,舰长
170,628611226,孤独な野良猫,舰长
171,29698966,虎踞z,舰长
172,79614621,悲山秋雨落,舰长
173,921202,千羽笹木-845VoV,舰长
174,13680026,星巡-Linstar,舰长
175,591944488,长门有希有希望,舰长
176,154977,Berem,舰长